"","IoP","Cambridge","CAM","TORONTO","IP","KKI","MAX_MUN","NYU","OHSU","SDSU","UM"
"F_ASD",17,26,12,20,5,11,3,4,5,6,4
"F_CTL",15,30,14,165,16,45,4,17,25,3,12
"M_ASD",29,24,15,68,7,21,14,38,21,16,17
"M_CTL",39,26,11,149,9,71,17,59,24,20,22
"min_age",18,18,12.01,4,7.556,8.057534247,7,6.47,8,8,9.2
"max_age",52,49.46,18.53,65,46.6,12.99178082,58,39.1,15,18,28.8
"median_age",25,25.78,15.03,14,21.12,10.38630137,29.5,14.965,11,14.4,15.8
